{
  "swagger" : "2.0",
  "info" : {
    "version" : "28",
    "title" : "PassengerOffer"
  },
  "tags" : [ {
    "name" : "/Channels/HTTP"
  } ],
  "schemes" : [ "https", "http" ],
  "paths" : {
    "/Channels/HTTP/offers" : {
      "get" : {
        "tags" : [ "/Channels/HTTP" ],
        "consumes" : [ "application/xml" ],
        "produces" : [ "application/xml" ],
        "operationId" : "Channels_HTTP_offers",
        "parameters" : [ {
          "in" : "query",
          "name" : "passengerid",
          "type" : "string"
        }, {
          "in" : "query",
          "name" : "loyaltystatus",
          "type" : "string"
        }, {
          "in" : "query",
          "name" : "flightstatus",
          "type" : "string"
        }, {
          "in" : "query",
          "name" : "_extId_",
          "type" : "string"
        }, {
          "in" : "query",
          "name" : "_ns_",
          "type" : "string"
        }, {
          "in" : "query",
          "name" : "_nm_",
          "type" : "string"
        } ],
        "responses" : {
          "200" : {
            "description" : "200 success"
          },
          "400" : {
            "description" : "400 Bad Request"
          }
        }
      }
    }
  }
}
